,name,epochs,accuracy,loss,lr,units,avg_time,split_accuracy,vocab_accuracy,two_layers,batch_size
0,rnn_emb,104,0.5720000267028809,0.7166306376457214,0.30943618825312785,6,3.87679,"[(0.1, 0.57), (0.2, 0.5575), (0.3, 0.44), (0.4, 0.5725), (0.5, 0.554)]","[(1000, 0.5725), (2000, 0.4275), (3000, 0.5725), (4000, 0.5725), (5000, 0.5), (6000, 0.4275), (7000, 0.4925), (8000, 0.475)]",1,133
1,lstm_emb,139,0.6309999823570251,3.3159215450286865,0.013973842731605547,7,5.757677,"[(0.1, 0.62), (0.2, 0.6425), (0.3, 0.6367), (0.4, 0.6263), (0.5, 0.588)]","[(1000, 0.5475), (2000, 0.65), (3000, 0.6175), (4000, 0.6425), (5000, 0.605), (6000, 0.635), (7000, 0.585), (8000, 0.62)]",0,82
2,gru_emb,105,0.640999972820282,0.8265769481658936,0.22761320903111637,6,12.026911,"[(0.1, 0.57), (0.2, 0.6125), (0.3, 0.5717), (0.4, 0.6225), (0.5, 0.615)]","[(1000, 0.5725), (2000, 0.5825), (3000, 0.6275), (4000, 0.6125), (5000, 0.5875), (6000, 0.5875), (7000, 0.58), (8000, 0.5725)]",0,17
3,mlp_tdidf,120,0.699999988079071,0.5687322616577148,0.17733453143144448,7,3.630928,"[(0.1, 0.72), (0.2, 0.68), (0.3, 0.6667), (0.4, 0.7), (0.5, 0.675)]","[(1000, 0.72), (2000, 0.7125), (3000, 0.7125), (4000, 0.7275), (5000, 0.7275), (6000, 0.6975), (7000, 0.7375), (8000, 0.7125)]",0,0
4,mlp_bow,122,0.6890000104904175,0.6339021325111389,0.07303664279842886,9,2.886153,"[(0.1, 0.69), (0.2, 0.6725), (0.3, 0.685), (0.4, 0.6587), (0.5, 0.695)]","[(1000, 0.68), (2000, 0.695), (3000, 0.7), (4000, 0.715), (5000, 0.7025), (6000, 0.68), (7000, 0.69), (8000, 0.73)]",0,0
